{
  "corpus_size": 10000,
  "query_count": 500,
  "warmup_queries": 100,
  "embedding_dim": 128,
  "top_k": 10,
  "candidate_limit": 500,
  "alpha": 0.65,
  "fusion_strategy": "weighted",
  "vector_index_mode": "brute_force",
  "ingest_duration_ms": 809.854791,
  "query_duration_ms": 27000.030082999998,
  "total_duration_ms": 32635.327291,
  "qps": 18.518497885482525,
  "top1_hit_rate": 1.0,
  "latency": {
    "avg_ms": 53.98431824999998,
    "p50_ms": 47.584833,
    "p95_ms": 89.053083,
    "p99_ms": 153.2765,
    "min_ms": 46.993417,
    "max_ms": 245.75270799999998
  }
}