{
  "profile": "100k",
  "runs": [
    {
      "name": "weighted + brute_force",
      "report": {
        "corpus_size": 100000,
        "query_count": 1000,
        "warmup_queries": 200,
        "embedding_dim": 256,
        "top_k": 10,
        "candidate_limit": 1000,
        "alpha": 0.65,
        "fusion_strategy": "weighted",
        "vector_index_mode": "brute_force",
        "ingest_duration_ms": 4503.002125,
        "query_duration_ms": 107500.630375,
        "total_duration_ms": 133438.57366700002,
        "qps": 9.302271033310673,
        "top1_hit_rate": 1.0,
        "latency": {
          "avg_ms": 107.47866253300008,
          "p50_ms": 106.983625,
          "p95_ms": 110.433959,
          "p99_ms": 116.684458,
          "min_ms": 105.266083,
          "max_ms": 143.767417
        },
        "ingest_chunks_per_sec": 22207.406797526215,
        "embedding_bytes": 102400000,
        "content_bytes": 5301390,
        "dataset_payload_bytes": 107701390,
        "vector_index_entries": 100000,
        "vector_index_dimension": 256,
        "vector_index_estimated_memory_bytes": 107800000,
        "approx_working_set_bytes": 215501390
      }
    },
    {
      "name": "rrf(k=60) + brute_force",
      "report": {
        "corpus_size": 100000,
        "query_count": 1000,
        "warmup_queries": 200,
        "embedding_dim": 256,
        "top_k": 10,
        "candidate_limit": 1000,
        "alpha": 0.65,
        "fusion_strategy": "rrf(rank_constant=60)",
        "vector_index_mode": "brute_force",
        "ingest_duration_ms": 4535.542667,
        "query_duration_ms": 132699.678167,
        "total_duration_ms": 163899.35666700001,
        "qps": 7.535813302738528,
        "top1_hit_rate": 0.058,
        "latency": {
          "avg_ms": 132.67381235900004,
          "p50_ms": 113.400375,
          "p95_ms": 180.39308400000002,
          "p99_ms": 301.844833,
          "min_ms": 110.058166,
          "max_ms": 526.5555840000001
        },
        "ingest_chunks_per_sec": 22048.07833196821,
        "embedding_bytes": 102400000,
        "content_bytes": 5301390,
        "dataset_payload_bytes": 107701390,
        "vector_index_entries": 100000,
        "vector_index_dimension": 256,
        "vector_index_estimated_memory_bytes": 107800000,
        "approx_working_set_bytes": 215501390
      }
    },
    {
      "name": "weighted + lsh_ann",
      "report": {
        "corpus_size": 100000,
        "query_count": 1000,
        "warmup_queries": 200,
        "embedding_dim": 256,
        "top_k": 10,
        "candidate_limit": 1000,
        "alpha": 0.65,
        "fusion_strategy": "weighted",
        "vector_index_mode": "lsh_ann",
        "ingest_duration_ms": 30482.40675,
        "query_duration_ms": 62505.311791,
        "total_duration_ms": 105240.46254200001,
        "qps": 15.998640297063327,
        "top1_hit_rate": 1.0,
        "latency": {
          "avg_ms": 62.48243546200005,
          "p50_ms": 61.594333,
          "p95_ms": 65.42554100000001,
          "p99_ms": 81.089875,
          "min_ms": 56.4355,
          "max_ms": 377.999041
        },
        "ingest_chunks_per_sec": 3280.5808550533825,
        "embedding_bytes": 102400000,
        "content_bytes": 5301390,
        "dataset_payload_bytes": 107701390,
        "vector_index_entries": 100000,
        "vector_index_dimension": 256,
        "vector_index_estimated_memory_bytes": 117563856,
        "approx_working_set_bytes": 225265246
      }
    },
    {
      "name": "weighted + disabled_index",
      "report": {
        "corpus_size": 100000,
        "query_count": 1000,
        "warmup_queries": 200,
        "embedding_dim": 256,
        "top_k": 10,
        "candidate_limit": 1000,
        "alpha": 0.65,
        "fusion_strategy": "weighted",
        "vector_index_mode": "disabled",
        "ingest_duration_ms": 4130.449667,
        "query_duration_ms": 83392.326042,
        "total_duration_ms": 104158.627083,
        "qps": 11.991511059379212,
        "top1_hit_rate": 0.077,
        "latency": {
          "avg_ms": 83.36825201400005,
          "p50_ms": 82.55975000000001,
          "p95_ms": 87.819417,
          "p99_ms": 100.555208,
          "min_ms": 80.7435,
          "max_ms": 145.902417
        },
        "ingest_chunks_per_sec": 24210.439071306086,
        "embedding_bytes": 102400000,
        "content_bytes": 5301390,
        "dataset_payload_bytes": 107701390,
        "vector_index_entries": 0,
        "vector_index_dimension": null,
        "vector_index_estimated_memory_bytes": 0,
        "approx_working_set_bytes": 107701390
      }
    }
  ]
}