{
  "profile": "quick",
  "runs": [
    {
      "name": "weighted + brute_force",
      "report": {
        "corpus_size": 3000,
        "query_count": 200,
        "warmup_queries": 50,
        "embedding_dim": 64,
        "top_k": 10,
        "candidate_limit": 300,
        "alpha": 0.65,
        "fusion_strategy": "weighted",
        "vector_index_mode": "brute_force",
        "ingest_duration_ms": 108.71658400000001,
        "query_duration_ms": 1248.5530840000001,
        "total_duration_ms": 1673.619583,
        "qps": 160.18541987759008,
        "top1_hit_rate": 1.0,
        "latency": {
          "avg_ms": 6.234202100000001,
          "p50_ms": 6.216125,
          "p95_ms": 6.398708,
          "p99_ms": 6.496499999999999,
          "min_ms": 6.052041999999999,
          "max_ms": 6.872833
        },
        "ingest_chunks_per_sec": 27594.68601404915,
        "embedding_bytes": 768000,
        "content_bytes": 155265,
        "dataset_payload_bytes": 923265,
        "vector_index_entries": 3000,
        "vector_index_dimension": 64,
        "vector_index_estimated_memory_bytes": 930000,
        "approx_working_set_bytes": 1853265
      }
    },
    {
      "name": "rrf(k=60) + brute_force",
      "report": {
        "corpus_size": 3000,
        "query_count": 200,
        "warmup_queries": 50,
        "embedding_dim": 64,
        "top_k": 10,
        "candidate_limit": 300,
        "alpha": 0.65,
        "fusion_strategy": "rrf(rank_constant=60)",
        "vector_index_mode": "brute_force",
        "ingest_duration_ms": 101.749959,
        "query_duration_ms": 1353.534042,
        "total_duration_ms": 1792.0541249999999,
        "qps": 147.7613372061757,
        "top1_hit_rate": 0.095,
        "latency": {
          "avg_ms": 6.758762730000005,
          "p50_ms": 6.720791999999999,
          "p95_ms": 7.028124999999999,
          "p99_ms": 7.229458,
          "min_ms": 6.579666,
          "max_ms": 7.5902080000000005
        },
        "ingest_chunks_per_sec": 29484.041364576864,
        "embedding_bytes": 768000,
        "content_bytes": 155265,
        "dataset_payload_bytes": 923265,
        "vector_index_entries": 3000,
        "vector_index_dimension": 64,
        "vector_index_estimated_memory_bytes": 930000,
        "approx_working_set_bytes": 1853265
      }
    },
    {
      "name": "weighted + lsh_ann",
      "report": {
        "corpus_size": 3000,
        "query_count": 200,
        "warmup_queries": 50,
        "embedding_dim": 64,
        "top_k": 10,
        "candidate_limit": 300,
        "alpha": 0.65,
        "fusion_strategy": "weighted",
        "vector_index_mode": "lsh_ann",
        "ingest_duration_ms": 310.298542,
        "query_duration_ms": 856.0058339999999,
        "total_duration_ms": 1391.758,
        "qps": 233.64326743595535,
        "top1_hit_rate": 1.0,
        "latency": {
          "avg_ms": 4.27222166,
          "p50_ms": 4.1940420000000005,
          "p95_ms": 4.393791,
          "p99_ms": 5.102417,
          "min_ms": 3.993458,
          "max_ms": 13.933667
        },
        "ingest_chunks_per_sec": 9668.108592015235,
        "embedding_bytes": 768000,
        "content_bytes": 155265,
        "dataset_payload_bytes": 923265,
        "vector_index_entries": 3000,
        "vector_index_dimension": 64,
        "vector_index_estimated_memory_bytes": 1245544,
        "approx_working_set_bytes": 2168809
      }
    },
    {
      "name": "weighted + disabled_index",
      "report": {
        "corpus_size": 3000,
        "query_count": 200,
        "warmup_queries": 50,
        "embedding_dim": 64,
        "top_k": 10,
        "candidate_limit": 300,
        "alpha": 0.65,
        "fusion_strategy": "weighted",
        "vector_index_mode": "disabled",
        "ingest_duration_ms": 100.25375,
        "query_duration_ms": 975.4248749999999,
        "total_duration_ms": 1320.919292,
        "qps": 205.03885550386443,
        "top1_hit_rate": 0.805,
        "latency": {
          "avg_ms": 4.868985824999997,
          "p50_ms": 4.845000000000001,
          "p95_ms": 5.015708,
          "p99_ms": 5.055375,
          "min_ms": 4.7383750000000004,
          "max_ms": 5.1293750000000005
        },
        "ingest_chunks_per_sec": 29924.067678266398,
        "embedding_bytes": 768000,
        "content_bytes": 155265,
        "dataset_payload_bytes": 923265,
        "vector_index_entries": 0,
        "vector_index_dimension": null,
        "vector_index_estimated_memory_bytes": 0,
        "approx_working_set_bytes": 923265
      }
    }
  ]
}