{
  "profile": "10k",
  "runs": [
    {
      "name": "weighted + brute_force",
      "report": {
        "corpus_size": 10000,
        "query_count": 500,
        "warmup_queries": 100,
        "embedding_dim": 128,
        "top_k": 10,
        "candidate_limit": 500,
        "alpha": 0.65,
        "fusion_strategy": "weighted",
        "vector_index_mode": "brute_force",
        "ingest_duration_ms": 1362.1360419999999,
        "query_duration_ms": 5768.780542,
        "total_duration_ms": 8217.60775,
        "qps": 86.67343060803161,
        "top1_hit_rate": 1.0,
        "latency": {
          "avg_ms": 11.524940729999994,
          "p50_ms": 10.890749999999999,
          "p95_ms": 13.324875,
          "p99_ms": 27.220083,
          "min_ms": 10.363375,
          "max_ms": 63.41654100000001
        }
      }
    },
    {
      "name": "rrf(k=60) + brute_force",
      "report": {
        "corpus_size": 10000,
        "query_count": 500,
        "warmup_queries": 100,
        "embedding_dim": 128,
        "top_k": 10,
        "candidate_limit": 500,
        "alpha": 0.65,
        "fusion_strategy": "rrf(rank_constant=60)",
        "vector_index_mode": "brute_force",
        "ingest_duration_ms": 649.3194169999999,
        "query_duration_ms": 5912.709208,
        "total_duration_ms": 7742.5989580000005,
        "qps": 84.56360399450918,
        "top1_hit_rate": 0.056,
        "latency": {
          "avg_ms": 11.814270486000007,
          "p50_ms": 11.516292,
          "p95_ms": 12.8545,
          "p99_ms": 20.17975,
          "min_ms": 11.148833,
          "max_ms": 33.826125
        }
      }
    },
    {
      "name": "weighted + disabled_index",
      "report": {
        "corpus_size": 10000,
        "query_count": 500,
        "warmup_queries": 100,
        "embedding_dim": 128,
        "top_k": 10,
        "candidate_limit": 500,
        "alpha": 0.65,
        "fusion_strategy": "weighted",
        "vector_index_mode": "disabled",
        "ingest_duration_ms": 612.45525,
        "query_duration_ms": 5008.3973750000005,
        "total_duration_ms": 6622.323584,
        "qps": 99.83233409070301,
        "top1_hit_rate": 0.072,
        "latency": {
          "avg_ms": 10.006495702000006,
          "p50_ms": 9.983374999999999,
          "p95_ms": 10.089417,
          "p99_ms": 10.458791,
          "min_ms": 9.866290999999999,
          "max_ms": 13.346791
        }
      }
    }
  ]
}