{
  "profile": "10k",
  "runs": [
    {
      "name": "weighted + brute_force",
      "report": {
        "corpus_size": 10000,
        "query_count": 500,
        "warmup_queries": 100,
        "embedding_dim": 128,
        "top_k": 10,
        "candidate_limit": 500,
        "alpha": 0.65,
        "fusion_strategy": "weighted",
        "vector_index_mode": "brute_force",
        "ingest_duration_ms": 391.72491599999995,
        "query_duration_ms": 6595.258041,
        "total_duration_ms": 8211.425583,
        "qps": 75.81204509235364,
        "top1_hit_rate": 1.0,
        "latency": {
          "avg_ms": 13.17455718200001,
          "p50_ms": 12.724834000000001,
          "p95_ms": 16.139209,
          "p99_ms": 22.337458,
          "min_ms": 11.262792000000001,
          "max_ms": 30.365125
        }
      }
    },
    {
      "name": "rrf(k=60) + brute_force",
      "report": {
        "corpus_size": 10000,
        "query_count": 500,
        "warmup_queries": 100,
        "embedding_dim": 128,
        "top_k": 10,
        "candidate_limit": 500,
        "alpha": 0.65,
        "fusion_strategy": "rrf(rank_constant=60)",
        "vector_index_mode": "brute_force",
        "ingest_duration_ms": 408.812958,
        "query_duration_ms": 6065.179666999999,
        "total_duration_ms": 7703.90625,
        "qps": 82.43778873038949,
        "top1_hit_rate": 0.056,
        "latency": {
          "avg_ms": 12.119426740000014,
          "p50_ms": 12.010791999999999,
          "p95_ms": 12.59225,
          "p99_ms": 13.797542,
          "min_ms": 11.633875,
          "max_ms": 24.843167
        }
      }
    },
    {
      "name": "weighted + lsh_ann",
      "report": {
        "corpus_size": 10000,
        "query_count": 500,
        "warmup_queries": 100,
        "embedding_dim": 128,
        "top_k": 10,
        "candidate_limit": 500,
        "alpha": 0.65,
        "fusion_strategy": "weighted",
        "vector_index_mode": "lsh_ann",
        "ingest_duration_ms": 1089.5189579999999,
        "query_duration_ms": 5049.341583,
        "total_duration_ms": 7142.310583,
        "qps": 99.0228115450513,
        "top1_hit_rate": 0.996,
        "latency": {
          "avg_ms": 10.08828031800001,
          "p50_ms": 10.089417,
          "p95_ms": 10.951958,
          "p99_ms": 11.205125,
          "min_ms": 9.055375,
          "max_ms": 11.910583
        }
      }
    },
    {
      "name": "weighted + disabled_index",
      "report": {
        "corpus_size": 10000,
        "query_count": 500,
        "warmup_queries": 100,
        "embedding_dim": 128,
        "top_k": 10,
        "candidate_limit": 500,
        "alpha": 0.65,
        "fusion_strategy": "weighted",
        "vector_index_mode": "disabled",
        "ingest_duration_ms": 339.813,
        "query_duration_ms": 4391.603125,
        "total_duration_ms": 5619.376334,
        "qps": 113.85363972296564,
        "top1_hit_rate": 0.298,
        "latency": {
          "avg_ms": 8.773047070000004,
          "p50_ms": 8.768667,
          "p95_ms": 8.8845,
          "p99_ms": 8.926916,
          "min_ms": 8.594667000000001,
          "max_ms": 9.019667
        }
      }
    }
  ]
}