{
  "profile": "10k",
  "runs": [
    {
      "name": "weighted + brute_force",
      "report": {
        "corpus_size": 10000,
        "query_count": 500,
        "warmup_queries": 100,
        "embedding_dim": 128,
        "top_k": 10,
        "candidate_limit": 500,
        "alpha": 0.65,
        "fusion_strategy": "weighted",
        "vector_index_mode": "brute_force",
        "ingest_duration_ms": 649.6145829999999,
        "query_duration_ms": 12311.2685,
        "total_duration_ms": 15345.956041000001,
        "qps": 40.61319920039109,
        "top1_hit_rate": 1.0,
        "latency": {
          "avg_ms": 24.608855398000003,
          "p50_ms": 23.951041999999998,
          "p95_ms": 25.701417,
          "p99_ms": 35.593291,
          "min_ms": 23.565792,
          "max_ms": 100.44675
        }
      }
    },
    {
      "name": "rrf(k=60) + brute_force",
      "report": {
        "corpus_size": 10000,
        "query_count": 500,
        "warmup_queries": 100,
        "embedding_dim": 128,
        "top_k": 10,
        "candidate_limit": 500,
        "alpha": 0.65,
        "fusion_strategy": "rrf(rank_constant=60)",
        "vector_index_mode": "brute_force",
        "ingest_duration_ms": 657.966084,
        "query_duration_ms": 12731.379584,
        "total_duration_ms": 15922.268584,
        "qps": 39.27304159781463,
        "top1_hit_rate": 0.056,
        "latency": {
          "avg_ms": 25.448015664000017,
          "p50_ms": 25.139499999999998,
          "p95_ms": 26.786792000000002,
          "p99_ms": 29.888167,
          "min_ms": 24.57575,
          "max_ms": 51.759333
        }
      }
    },
    {
      "name": "weighted + disabled_index",
      "report": {
        "corpus_size": 10000,
        "query_count": 500,
        "warmup_queries": 100,
        "embedding_dim": 128,
        "top_k": 10,
        "candidate_limit": 500,
        "alpha": 0.65,
        "fusion_strategy": "weighted",
        "vector_index_mode": "disabled",
        "ingest_duration_ms": 633.1945,
        "query_duration_ms": 5383.2484589999995,
        "total_duration_ms": 7070.723166,
        "qps": 92.88072133547422,
        "top1_hit_rate": 0.072,
        "latency": {
          "avg_ms": 10.752480195999999,
          "p50_ms": 10.522416,
          "p95_ms": 11.055417,
          "p99_ms": 14.002291,
          "min_ms": 10.272875,
          "max_ms": 52.829791
        }
      }
    }
  ]
}