{
  "corpus_size": 3000,
  "query_count": 200,
  "warmup_queries": 50,
  "embedding_dim": 64,
  "top_k": 10,
  "candidate_limit": 300,
  "alpha": 0.65,
  "fusion_strategy": "weighted",
  "vector_index_mode": "lsh_ann",
  "ingest_duration_ms": 297.69395799999995,
  "query_duration_ms": 830.405959,
  "total_duration_ms": 1326.204458,
  "qps": 240.84605587470259,
  "top1_hit_rate": 1.0,
  "latency": {
    "avg_ms": 4.143612494999998,
    "p50_ms": 4.065875,
    "p95_ms": 4.637874999999999,
    "p99_ms": 5.152167,
    "min_ms": 3.71475,
    "max_ms": 5.1904580000000005
  },
  "ingest_chunks_per_sec": 10077.463513720357,
  "embedding_bytes": 768000,
  "content_bytes": 155265,
  "dataset_payload_bytes": 923265,
  "vector_index_entries": 3000,
  "vector_index_dimension": 64,
  "vector_index_estimated_memory_bytes": 1245544,
  "approx_working_set_bytes": 2168809
}