{
  "corpus_size": 10000,
  "query_count": 500,
  "warmup_queries": 100,
  "embedding_dim": 128,
  "top_k": 10,
  "candidate_limit": 500,
  "alpha": 0.65,
  "fusion_strategy": "rrf(rank_constant=60)",
  "vector_index_mode": "brute_force",
  "ingest_duration_ms": 813.377416,
  "query_duration_ms": 27525.640958,
  "total_duration_ms": 33278.953292,
  "qps": 18.16488127426079,
  "top1_hit_rate": 0.056,
  "latency": {
    "avg_ms": 55.034558772,
    "p50_ms": 48.758250000000004,
    "p95_ms": 84.80324999999999,
    "p99_ms": 154.937792,
    "min_ms": 47.555625,
    "max_ms": 244.390333
  }
}