{
  "profile": "10k",
  "runs": [
    {
      "name": "weighted + brute_force",
      "report": {
        "corpus_size": 10000,
        "query_count": 500,
        "warmup_queries": 100,
        "embedding_dim": 128,
        "top_k": 10,
        "candidate_limit": 500,
        "alpha": 0.65,
        "fusion_strategy": "weighted",
        "vector_index_mode": "brute_force",
        "ingest_duration_ms": 390.287834,
        "query_duration_ms": 5529.533042,
        "total_duration_ms": 7020.135083,
        "qps": 90.42354864365778,
        "top1_hit_rate": 1.0,
        "latency": {
          "avg_ms": 11.048228970000002,
          "p50_ms": 10.955124999999999,
          "p95_ms": 11.397625,
          "p99_ms": 12.591292000000001,
          "min_ms": 10.554542,
          "max_ms": 21.571458000000003
        },
        "ingest_chunks_per_sec": 25622.11559994463,
        "embedding_bytes": 5120000,
        "content_bytes": 520140,
        "dataset_payload_bytes": 5640140,
        "vector_index_entries": 10000,
        "vector_index_dimension": 128,
        "vector_index_estimated_memory_bytes": 5660000,
        "approx_working_set_bytes": 11300140
      }
    },
    {
      "name": "rrf(k=60) + brute_force",
      "report": {
        "corpus_size": 10000,
        "query_count": 500,
        "warmup_queries": 100,
        "embedding_dim": 128,
        "top_k": 10,
        "candidate_limit": 500,
        "alpha": 0.65,
        "fusion_strategy": "rrf(rank_constant=60)",
        "vector_index_mode": "brute_force",
        "ingest_duration_ms": 360.102916,
        "query_duration_ms": 6696.240708,
        "total_duration_ms": 8238.950167,
        "qps": 74.66876144441012,
        "top1_hit_rate": 0.056,
        "latency": {
          "avg_ms": 13.379162918000004,
          "p50_ms": 12.101583000000002,
          "p95_ms": 21.357666000000002,
          "p99_ms": 29.279583000000002,
          "min_ms": 11.419708,
          "max_ms": 31.555167
        },
        "ingest_chunks_per_sec": 27769.838997915806,
        "embedding_bytes": 5120000,
        "content_bytes": 520140,
        "dataset_payload_bytes": 5640140,
        "vector_index_entries": 10000,
        "vector_index_dimension": 128,
        "vector_index_estimated_memory_bytes": 5660000,
        "approx_working_set_bytes": 11300140
      }
    },
    {
      "name": "weighted + lsh_ann",
      "report": {
        "corpus_size": 10000,
        "query_count": 500,
        "warmup_queries": 100,
        "embedding_dim": 128,
        "top_k": 10,
        "candidate_limit": 500,
        "alpha": 0.65,
        "fusion_strategy": "weighted",
        "vector_index_mode": "lsh_ann",
        "ingest_duration_ms": 1651.9452079999999,
        "query_duration_ms": 4922.157625,
        "total_duration_ms": 7554.464625,
        "qps": 101.58146855364065,
        "top1_hit_rate": 0.998,
        "latency": {
          "avg_ms": 9.833698494000004,
          "p50_ms": 9.929791,
          "p95_ms": 10.501750000000001,
          "p99_ms": 10.742125,
          "min_ms": 8.707374999999999,
          "max_ms": 11.051
        },
        "ingest_chunks_per_sec": 6053.4695409825,
        "embedding_bytes": 5120000,
        "content_bytes": 520140,
        "dataset_payload_bytes": 5640140,
        "vector_index_entries": 10000,
        "vector_index_dimension": 128,
        "vector_index_estimated_memory_bytes": 6679904,
        "approx_working_set_bytes": 12320044
      }
    },
    {
      "name": "weighted + disabled_index",
      "report": {
        "corpus_size": 10000,
        "query_count": 500,
        "warmup_queries": 100,
        "embedding_dim": 128,
        "top_k": 10,
        "candidate_limit": 500,
        "alpha": 0.65,
        "fusion_strategy": "weighted",
        "vector_index_mode": "disabled",
        "ingest_duration_ms": 343.19829200000004,
        "query_duration_ms": 5642.9622500000005,
        "total_duration_ms": 7128.418500000001,
        "qps": 88.60594451079307,
        "top1_hit_rate": 0.298,
        "latency": {
          "avg_ms": 11.275455077999998,
          "p50_ms": 11.267458,
          "p95_ms": 11.406333,
          "p99_ms": 11.720792000000001,
          "min_ms": 11.057541,
          "max_ms": 12.140459
        },
        "ingest_chunks_per_sec": 29137.674146700007,
        "embedding_bytes": 5120000,
        "content_bytes": 520140,
        "dataset_payload_bytes": 5640140,
        "vector_index_entries": 0,
        "vector_index_dimension": null,
        "vector_index_estimated_memory_bytes": 0,
        "approx_working_set_bytes": 5640140
      }
    }
  ]
}