{
  "profile": "10k",
  "runs": [
    {
      "name": "weighted + brute_force",
      "report": {
        "corpus_size": 10000,
        "query_count": 500,
        "warmup_queries": 100,
        "embedding_dim": 128,
        "top_k": 10,
        "candidate_limit": 500,
        "alpha": 0.65,
        "fusion_strategy": "weighted",
        "vector_index_mode": "brute_force",
        "ingest_duration_ms": 390.26404199999996,
        "query_duration_ms": 5996.015208,
        "total_duration_ms": 7502.886417,
        "qps": 83.38871444703646,
        "top1_hit_rate": 1.0,
        "latency": {
          "avg_ms": 11.980244671999996,
          "p50_ms": 11.219958,
          "p95_ms": 15.131459,
          "p99_ms": 27.808415999999998,
          "min_ms": 10.568042,
          "max_ms": 29.427208999999998
        },
        "ingest_chunks_per_sec": 25623.67762285412,
        "embedding_bytes": 5120000,
        "content_bytes": 520140,
        "dataset_payload_bytes": 5640140,
        "vector_index_entries": 10000,
        "vector_index_dimension": 128,
        "vector_index_estimated_memory_bytes": 5660000,
        "approx_working_set_bytes": 11300140
      }
    },
    {
      "name": "rrf(k=60) + brute_force",
      "report": {
        "corpus_size": 10000,
        "query_count": 500,
        "warmup_queries": 100,
        "embedding_dim": 128,
        "top_k": 10,
        "candidate_limit": 500,
        "alpha": 0.65,
        "fusion_strategy": "rrf(rank_constant=60)",
        "vector_index_mode": "brute_force",
        "ingest_duration_ms": 511.3099169999999,
        "query_duration_ms": 6267.32275,
        "total_duration_ms": 8245.701917,
        "qps": 79.77888166043468,
        "top1_hit_rate": 0.056,
        "latency": {
          "avg_ms": 12.522895903999995,
          "p50_ms": 12.027167,
          "p95_ms": 14.207333,
          "p99_ms": 24.784833,
          "min_ms": 11.347083000000001,
          "max_ms": 34.636166
        },
        "ingest_chunks_per_sec": 19557.61010596632,
        "embedding_bytes": 5120000,
        "content_bytes": 520140,
        "dataset_payload_bytes": 5640140,
        "vector_index_entries": 10000,
        "vector_index_dimension": 128,
        "vector_index_estimated_memory_bytes": 5660000,
        "approx_working_set_bytes": 11300140
      }
    },
    {
      "name": "weighted + lsh_ann",
      "report": {
        "corpus_size": 10000,
        "query_count": 500,
        "warmup_queries": 100,
        "embedding_dim": 128,
        "top_k": 10,
        "candidate_limit": 500,
        "alpha": 0.65,
        "fusion_strategy": "weighted",
        "vector_index_mode": "lsh_ann",
        "ingest_duration_ms": 1623.4056249999999,
        "query_duration_ms": 6002.785959,
        "total_duration_ms": 8629.759833,
        "qps": 83.29465741658639,
        "top1_hit_rate": 0.998,
        "latency": {
          "avg_ms": 11.989386421999999,
          "p50_ms": 10.451708,
          "p95_ms": 23.711792,
          "p99_ms": 36.982166,
          "min_ms": 8.964,
          "max_ms": 121.57075
        },
        "ingest_chunks_per_sec": 6159.889953565979,
        "embedding_bytes": 5120000,
        "content_bytes": 520140,
        "dataset_payload_bytes": 5640140,
        "vector_index_entries": 10000,
        "vector_index_dimension": 128,
        "vector_index_estimated_memory_bytes": 6679904,
        "approx_working_set_bytes": 12320044
      }
    },
    {
      "name": "weighted + disabled_index",
      "report": {
        "corpus_size": 10000,
        "query_count": 500,
        "warmup_queries": 100,
        "embedding_dim": 128,
        "top_k": 10,
        "candidate_limit": 500,
        "alpha": 0.65,
        "fusion_strategy": "weighted",
        "vector_index_mode": "disabled",
        "ingest_duration_ms": 343.43962500000004,
        "query_duration_ms": 5974.5448750000005,
        "total_duration_ms": 7498.766833999999,
        "qps": 83.68838304189656,
        "top1_hit_rate": 0.298,
        "latency": {
          "avg_ms": 11.936732970000007,
          "p50_ms": 11.775042,
          "p95_ms": 12.441667,
          "p99_ms": 13.51425,
          "min_ms": 11.448625,
          "max_ms": 28.191125
        },
        "ingest_chunks_per_sec": 29117.199274836148,
        "embedding_bytes": 5120000,
        "content_bytes": 520140,
        "dataset_payload_bytes": 5640140,
        "vector_index_entries": 0,
        "vector_index_dimension": null,
        "vector_index_estimated_memory_bytes": 0,
        "approx_working_set_bytes": 5640140
      }
    }
  ]
}