{
  "profile": "quick",
  "runs": [
    {
      "name": "weighted + brute_force",
      "report": {
        "corpus_size": 3000,
        "query_count": 200,
        "warmup_queries": 50,
        "embedding_dim": 64,
        "top_k": 10,
        "candidate_limit": 300,
        "alpha": 0.65,
        "fusion_strategy": "weighted",
        "vector_index_mode": "brute_force",
        "ingest_duration_ms": 205.40866599999998,
        "query_duration_ms": 3081.9856250000003,
        "total_duration_ms": 3975.8081669999997,
        "qps": 64.89322934463719,
        "top1_hit_rate": 1.0,
        "latency": {
          "avg_ms": 15.328297885000007,
          "p50_ms": 13.787707999999999,
          "p95_ms": 29.632667,
          "p99_ms": 39.526334000000006,
          "min_ms": 6.389542,
          "max_ms": 55.941416000000004
        }
      }
    },
    {
      "name": "rrf(k=60) + brute_force",
      "report": {
        "corpus_size": 3000,
        "query_count": 200,
        "warmup_queries": 50,
        "embedding_dim": 64,
        "top_k": 10,
        "candidate_limit": 300,
        "alpha": 0.65,
        "fusion_strategy": "rrf(rank_constant=60)",
        "vector_index_mode": "brute_force",
        "ingest_duration_ms": 301.637333,
        "query_duration_ms": 3768.0893749999996,
        "total_duration_ms": 5215.786375000001,
        "qps": 53.077297297386956,
        "top1_hit_rate": 0.095,
        "latency": {
          "avg_ms": 18.78713059,
          "p50_ms": 16.4225,
          "p95_ms": 39.588958,
          "p99_ms": 57.506458,
          "min_ms": 6.791417,
          "max_ms": 65.998291
        }
      }
    },
    {
      "name": "weighted + lsh_ann",
      "report": {
        "corpus_size": 3000,
        "query_count": 200,
        "warmup_queries": 50,
        "embedding_dim": 64,
        "top_k": 10,
        "candidate_limit": 300,
        "alpha": 0.65,
        "fusion_strategy": "weighted",
        "vector_index_mode": "lsh_ann",
        "ingest_duration_ms": 582.768792,
        "query_duration_ms": 2881.011292,
        "total_duration_ms": 3970.781875,
        "qps": 69.4200680696256,
        "top1_hit_rate": 1.0,
        "latency": {
          "avg_ms": 14.241424539999999,
          "p50_ms": 12.072709,
          "p95_ms": 33.811625,
          "p99_ms": 46.864833000000004,
          "min_ms": 4.293042000000001,
          "max_ms": 69.174708
        }
      }
    },
    {
      "name": "weighted + disabled_index",
      "report": {
        "corpus_size": 3000,
        "query_count": 200,
        "warmup_queries": 50,
        "embedding_dim": 64,
        "top_k": 10,
        "candidate_limit": 300,
        "alpha": 0.65,
        "fusion_strategy": "weighted",
        "vector_index_mode": "disabled",
        "ingest_duration_ms": 340.877292,
        "query_duration_ms": 2789.418917,
        "total_duration_ms": 3840.232625,
        "qps": 71.69952092212043,
        "top1_hit_rate": 0.805,
        "latency": {
          "avg_ms": 13.919915835000007,
          "p50_ms": 11.703291,
          "p95_ms": 34.748124999999995,
          "p99_ms": 43.366833,
          "min_ms": 3.9681669999999998,
          "max_ms": 63.1105
        }
      }
    }
  ]
}