{
  "profile": "10k",
  "runs": [
    {
      "name": "weighted + brute_force",
      "report": {
        "corpus_size": 10000,
        "query_count": 500,
        "warmup_queries": 100,
        "embedding_dim": 128,
        "top_k": 10,
        "candidate_limit": 500,
        "alpha": 0.65,
        "fusion_strategy": "weighted",
        "vector_index_mode": "brute_force",
        "ingest_duration_ms": 487.820208,
        "query_duration_ms": 5842.8836249999995,
        "total_duration_ms": 7884.0827500000005,
        "qps": 85.57418427104135,
        "top1_hit_rate": 1.0,
        "latency": {
          "avg_ms": 11.673273758000002,
          "p50_ms": 11.152416,
          "p95_ms": 13.613750000000001,
          "p99_ms": 27.793083,
          "min_ms": 10.593875,
          "max_ms": 35.848791999999996
        },
        "ingest_chunks_per_sec": 20499.355779045545,
        "embedding_bytes": 5120000,
        "content_bytes": 520140,
        "dataset_payload_bytes": 5640140,
        "vector_index_entries": 10000,
        "vector_index_dimension": 128,
        "vector_index_estimated_memory_bytes": 5660000,
        "approx_working_set_bytes": 11300140
      }
    },
    {
      "name": "rrf(k=60) + brute_force",
      "report": {
        "corpus_size": 10000,
        "query_count": 500,
        "warmup_queries": 100,
        "embedding_dim": 128,
        "top_k": 10,
        "candidate_limit": 500,
        "alpha": 0.65,
        "fusion_strategy": "rrf(rank_constant=60)",
        "vector_index_mode": "brute_force",
        "ingest_duration_ms": 369.952208,
        "query_duration_ms": 6007.755666999999,
        "total_duration_ms": 7583.087375,
        "qps": 83.22575479333321,
        "top1_hit_rate": 0.056,
        "latency": {
          "avg_ms": 12.003525337999994,
          "p50_ms": 11.959291,
          "p95_ms": 12.397708,
          "p99_ms": 12.819042,
          "min_ms": 11.369708,
          "max_ms": 18.679125000000003
        },
        "ingest_chunks_per_sec": 27030.518493350904,
        "embedding_bytes": 5120000,
        "content_bytes": 520140,
        "dataset_payload_bytes": 5640140,
        "vector_index_entries": 10000,
        "vector_index_dimension": 128,
        "vector_index_estimated_memory_bytes": 5660000,
        "approx_working_set_bytes": 11300140
      }
    },
    {
      "name": "weighted + lsh_ann",
      "report": {
        "corpus_size": 10000,
        "query_count": 500,
        "warmup_queries": 100,
        "embedding_dim": 128,
        "top_k": 10,
        "candidate_limit": 500,
        "alpha": 0.65,
        "fusion_strategy": "weighted",
        "vector_index_mode": "lsh_ann",
        "ingest_duration_ms": 1108.102208,
        "query_duration_ms": 4983.681167000001,
        "total_duration_ms": 7082.028125,
        "qps": 100.3274453652464,
        "top1_hit_rate": 0.996,
        "latency": {
          "avg_ms": 9.955741279999998,
          "p50_ms": 9.978917000000001,
          "p95_ms": 10.877125,
          "p99_ms": 11.138834000000001,
          "min_ms": 8.892917,
          "max_ms": 11.725624999999999
        },
        "ingest_chunks_per_sec": 9024.438294414083,
        "embedding_bytes": 5120000,
        "content_bytes": 520140,
        "dataset_payload_bytes": 5640140,
        "vector_index_entries": 10000,
        "vector_index_dimension": 128,
        "vector_index_estimated_memory_bytes": 6892672,
        "approx_working_set_bytes": 12532812
      }
    },
    {
      "name": "weighted + disabled_index",
      "report": {
        "corpus_size": 10000,
        "query_count": 500,
        "warmup_queries": 100,
        "embedding_dim": 128,
        "top_k": 10,
        "candidate_limit": 500,
        "alpha": 0.65,
        "fusion_strategy": "weighted",
        "vector_index_mode": "disabled",
        "ingest_duration_ms": 340.849833,
        "query_duration_ms": 5841.037042,
        "total_duration_ms": 7344.562542000001,
        "qps": 85.60123765775633,
        "top1_hit_rate": 0.298,
        "latency": {
          "avg_ms": 11.669909899999995,
          "p50_ms": 11.549,
          "p95_ms": 12.22125,
          "p99_ms": 12.911042,
          "min_ms": 11.299750000000001,
          "max_ms": 24.103375
        },
        "ingest_chunks_per_sec": 29338.43303364623,
        "embedding_bytes": 5120000,
        "content_bytes": 520140,
        "dataset_payload_bytes": 5640140,
        "vector_index_entries": 0,
        "vector_index_dimension": null,
        "vector_index_estimated_memory_bytes": 0,
        "approx_working_set_bytes": 5640140
      }
    }
  ]
}