{
  "suite": "p0_p1_performance",
  "quality_gates_pass": true,
  "sidecar_smoke_pass": true,
  "brute_force": {
    "qps": 396.8549247215814,
    "p95_ms": 3.127667,
    "top1_hit_rate": 1.0
  },
  "hnsw_baseline": {
    "qps": 398.96946187996406,
    "p95_ms": 2.8857079999999997,
    "top1_hit_rate": 1.0
  },
  "delta": {
    "qps_gain_vs_bruteforce": 2.114537158382632,
    "p95_ms_gain_vs_bruteforce": 0.24195900000000048
  }
}
