{
  "corpus_size": 5000,
  "query_count": 150,
  "warmup_queries": 30,
  "concurrency": 1,
  "embedding_dim": 64,
  "top_k": 10,
  "candidate_limit": 200,
  "effective_candidate_limit": 200,
  "query_profile": "balanced",
  "alpha": 0.65,
  "fusion_strategy": "weighted",
  "vector_index_mode": "hnsw_baseline",
  "vector_storage_kind": "f32",
  "sqlite_mmap_size_bytes": 268435456,
  "sqlite_cache_size_kib": 65536,
  "ingest_duration_ms": 184.738417,
  "query_duration_ms": 645.1502919999999,
  "total_duration_ms": 1855.581458,
  "qps": 232.5039635880689,
  "top1_hit_rate": 0.9866666666666667,
  "latency": {
    "avg_ms": 4.294415546666665,
    "p50_ms": 4.2619169999999995,
    "p95_ms": 4.550417,
    "p99_ms": 4.6750419999999995,
    "min_ms": 4.128749999999999,
    "max_ms": 4.844334
  },
  "ingest_chunks_per_sec": 27065.29633194811,
  "embedding_bytes": 1280000,
  "content_bytes": 259515,
  "dataset_payload_bytes": 1539515,
  "vector_index_entries": 5000,
  "vector_index_dimension": 64,
  "vector_index_estimated_memory_bytes": 2830000,
  "approx_working_set_bytes": 4369515
}