{
  "corpus_size": 5000,
  "query_count": 150,
  "warmup_queries": 30,
  "concurrency": 1,
  "embedding_dim": 64,
  "top_k": 10,
  "candidate_limit": 200,
  "effective_candidate_limit": 200,
  "query_profile": "balanced",
  "alpha": 0.65,
  "fusion_strategy": "weighted",
  "vector_index_mode": "brute_force",
  "vector_storage_kind": "f32",
  "sqlite_mmap_size_bytes": 268435456,
  "sqlite_cache_size_kib": 65536,
  "ingest_duration_ms": 191.382208,
  "query_duration_ms": 458.38854200000003,
  "total_duration_ms": 755.3992910000001,
  "qps": 327.23331029509023,
  "top1_hit_rate": 1.0,
  "latency": {
    "avg_ms": 3.0493391666666683,
    "p50_ms": 3.0201249999999997,
    "p95_ms": 3.254916,
    "p99_ms": 3.4014159999999998,
    "min_ms": 2.878,
    "max_ms": 3.468375
  },
  "ingest_chunks_per_sec": 26125.73055902877,
  "embedding_bytes": 1280000,
  "content_bytes": 259515,
  "dataset_payload_bytes": 1539515,
  "vector_index_entries": 5000,
  "vector_index_dimension": 64,
  "vector_index_estimated_memory_bytes": 1550000,
  "approx_working_set_bytes": 3089515
}