{
  "corpus_size": 5000,
  "query_count": 150,
  "warmup_queries": 30,
  "concurrency": 1,
  "embedding_dim": 64,
  "top_k": 10,
  "candidate_limit": 200,
  "effective_candidate_limit": 200,
  "query_profile": "balanced",
  "alpha": 0.65,
  "fusion_strategy": "weighted",
  "vector_index_mode": "hnsw_baseline",
  "vector_storage_kind": "int8",
  "sqlite_mmap_size_bytes": 268435456,
  "sqlite_cache_size_kib": 65536,
  "ingest_duration_ms": 187.43183399999998,
  "query_duration_ms": 356.40612500000003,
  "total_duration_ms": 621.547291,
  "qps": 420.8681879414951,
  "top1_hit_rate": 1.0,
  "latency": {
    "avg_ms": 2.3698533333333347,
    "p50_ms": 2.3370830000000002,
    "p95_ms": 2.668333,
    "p99_ms": 2.712542,
    "min_ms": 2.2148749999999997,
    "max_ms": 2.793041
  },
  "ingest_chunks_per_sec": 26676.364912483332,
  "embedding_bytes": 1280000,
  "content_bytes": 259515,
  "dataset_payload_bytes": 1539515,
  "vector_index_entries": 5000,
  "vector_index_dimension": 64,
  "vector_index_estimated_memory_bytes": 1890000,
  "approx_working_set_bytes": 3429515
}