{
  "suite": "p6_quantization",
  "quality_gates_pass": true,
  "modes": {
    "brute_force": {
      "f32": {
        "qps": 429.4739373741105,
        "p95_ms": 2.524042,
        "top1_hit_rate": 1.0,
        "estimated_memory_bytes": 1550000,
        "qps_delta_vs_f32": 0.0,
        "memory_delta_vs_f32": 0
      },
      "f16": {
        "qps": 413.49842678872386,
        "p95_ms": 2.63675,
        "top1_hit_rate": 1.0,
        "estimated_memory_bytes": 910000,
        "qps_delta_vs_f32": -15.975510585386644,
        "memory_delta_vs_f32": -640000
      },
      "int8": {
        "qps": 426.738637332721,
        "p95_ms": 2.53625,
        "top1_hit_rate": 1.0,
        "estimated_memory_bytes": 610000,
        "qps_delta_vs_f32": -2.7353000413895074,
        "memory_delta_vs_f32": -940000
      }
    },
    "hnsw_baseline": {
      "f32": {
        "qps": 423.3977105694631,
        "p95_ms": 2.551583,
        "top1_hit_rate": 1.0,
        "estimated_memory_bytes": 2830000,
        "qps_delta_vs_f32": 0.0,
        "memory_delta_vs_f32": 0
      },
      "f16": {
        "qps": 404.63445865215544,
        "p95_ms": 2.705458,
        "top1_hit_rate": 1.0,
        "estimated_memory_bytes": 2190000,
        "qps_delta_vs_f32": -18.763251917307628,
        "memory_delta_vs_f32": -640000
      },
      "int8": {
        "qps": 420.8681879414951,
        "p95_ms": 2.668333,
        "top1_hit_rate": 1.0,
        "estimated_memory_bytes": 1890000,
        "qps_delta_vs_f32": -2.5295226279679923,
        "memory_delta_vs_f32": -940000
      }
    }
  }
}
