{
  "corpus_size": 5000,
  "query_count": 150,
  "warmup_queries": 30,
  "concurrency": 1,
  "embedding_dim": 64,
  "top_k": 10,
  "candidate_limit": 200,
  "effective_candidate_limit": 200,
  "query_profile": "balanced",
  "alpha": 0.65,
  "fusion_strategy": "weighted",
  "vector_index_mode": "brute_force",
  "vector_storage_kind": "f32",
  "sqlite_mmap_size_bytes": 268435456,
  "sqlite_cache_size_kib": 65536,
  "ingest_duration_ms": 187.600583,
  "query_duration_ms": 249.941625,
  "total_duration_ms": 492.914875,
  "qps": 600.1401327209903,
  "top1_hit_rate": 1.0,
  "latency": {
    "avg_ms": 1.660067806666667,
    "p50_ms": 1.6406669999999999,
    "p95_ms": 1.811833,
    "p99_ms": 1.897833,
    "min_ms": 1.5337079999999998,
    "max_ms": 1.9194170000000002
  },
  "ingest_chunks_per_sec": 26652.369198660756,
  "embedding_bytes": 1280000,
  "content_bytes": 259515,
  "dataset_payload_bytes": 1539515,
  "vector_index_entries": 5000,
  "vector_index_dimension": 64,
  "vector_index_estimated_memory_bytes": 1550000,
  "approx_working_set_bytes": 3089515
}