{
  "suite": "p7_hybrid_planner",
  "quality_gates_pass": true,
  "brute_force": {
    "qps": 600.1401327209903,
    "p95_ms": 1.811833,
    "top1_hit_rate": 1.0,
    "delta_vs_p6_f32_qps": 170.66619534687982,
    "delta_vs_p6_f32_p95_ms": 0.7122090000000001
  },
  "hnsw_baseline": {
    "qps": 589.013524194239,
    "p95_ms": 1.890709,
    "top1_hit_rate": 1.0,
    "delta_vs_p6_f32_qps": 165.61581362477597,
    "delta_vs_p6_f32_p95_ms": 0.660874
  },
  "delta_hnsw_vs_bruteforce": {
    "qps": -11.126608526751284,
    "p95_ms": -0.07887599999999995
  }
}
