{
  "suite": "p8_filtered_benchmark",
  "tenant_filters": true,
  "tenant_count": 4,
  "filter_mode": "tenant",
  "brute_force": {
    "qps": 362.7899276823265,
    "p95_ms": 3.4637499999999997,
    "top1_hit_rate": 1.0
  },
  "hnsw_baseline": {
    "qps": 436.2306516874134,
    "p95_ms": 2.743709,
    "top1_hit_rate": 1.0
  },
  "delta_hnsw_vs_bruteforce": {
    "qps": 73.4407240050869,
    "p95_ms": 0.7200409999999997
  }
}
