{
  "suite": "p8_filtered_benchmark",
  "tenant_filters": true,
  "tenant_count": 4,
  "brute_force": {
    "qps": 171.31156562924664,
    "p95_ms": 16.014166,
    "top1_hit_rate": 1.0
  },
  "hnsw_baseline": {
    "qps": 304.0815085050625,
    "p95_ms": 6.007499999999999,
    "top1_hit_rate": 1.0
  },
  "delta_hnsw_vs_bruteforce": {
    "qps": 132.76994287581587,
    "p95_ms": 10.006666
  }
}
