{
  "corpus_size": 5000,
  "query_count": 250,
  "warmup_queries": 60,
  "embedding_dim": 64,
  "top_k": 10,
  "candidate_limit": 350,
  "alpha": 0.65,
  "fusion_strategy": "weighted",
  "vector_index_mode": "hnsw_baseline",
  "vector_storage_kind": "f32",
  "sqlite_mmap_size_bytes": 268435456,
  "sqlite_cache_size_kib": 65536,
  "ingest_duration_ms": 701.941708,
  "query_duration_ms": 1313.743792,
  "total_duration_ms": 2337.477833,
  "qps": 190.2958564085074,
  "top1_hit_rate": 1.0,
  "latency": {
    "avg_ms": 5.247408183999999,
    "p50_ms": 5.2445,
    "p95_ms": 5.43625,
    "p99_ms": 5.4971250000000005,
    "min_ms": 4.8736250000000005,
    "max_ms": 5.5297089999999995
  },
  "ingest_chunks_per_sec": 7123.09860350968,
  "embedding_bytes": 1280000,
  "content_bytes": 259515,
  "dataset_payload_bytes": 1539515,
  "vector_index_entries": 5000,
  "vector_index_dimension": 64,
  "vector_index_estimated_memory_bytes": 2236392,
  "approx_working_set_bytes": 3775907
}