{
  "corpus_size": 5000,
  "query_count": 250,
  "warmup_queries": 60,
  "embedding_dim": 64,
  "top_k": 10,
  "candidate_limit": 350,
  "alpha": 0.65,
  "fusion_strategy": "weighted",
  "vector_index_mode": "hnsw_baseline",
  "vector_storage_kind": "f16",
  "sqlite_mmap_size_bytes": 268435456,
  "sqlite_cache_size_kib": 65536,
  "ingest_duration_ms": 703.3157920000001,
  "query_duration_ms": 1337.40075,
  "total_duration_ms": 2371.996333,
  "qps": 186.92975908679577,
  "top1_hit_rate": 1.0,
  "latency": {
    "avg_ms": 5.3416416239999975,
    "p50_ms": 5.292375,
    "p95_ms": 5.849082999999999,
    "p99_ms": 6.188875,
    "min_ms": 4.875042,
    "max_ms": 6.421541
  },
  "ingest_chunks_per_sec": 7109.182044358247,
  "embedding_bytes": 1280000,
  "content_bytes": 259515,
  "dataset_payload_bytes": 1539515,
  "vector_index_entries": 5000,
  "vector_index_dimension": 64,
  "vector_index_estimated_memory_bytes": 1596392,
  "approx_working_set_bytes": 3135907
}