{
  "corpus_size": 5000,
  "query_count": 250,
  "warmup_queries": 60,
  "embedding_dim": 64,
  "top_k": 10,
  "candidate_limit": 350,
  "alpha": 0.65,
  "fusion_strategy": "weighted",
  "vector_index_mode": "hnsw_baseline",
  "vector_storage_kind": "int8",
  "sqlite_mmap_size_bytes": 268435456,
  "sqlite_cache_size_kib": 65536,
  "ingest_duration_ms": 861.9307080000001,
  "query_duration_ms": 1551.07725,
  "total_duration_ms": 2809.8625410000004,
  "qps": 161.17830365960174,
  "top1_hit_rate": 1.0,
  "latency": {
    "avg_ms": 6.192128672000001,
    "p50_ms": 5.86575,
    "p95_ms": 7.541458,
    "p99_ms": 8.424333,
    "min_ms": 5.273292,
    "max_ms": 10.511792000000002
  },
  "ingest_chunks_per_sec": 5800.930345783666,
  "embedding_bytes": 1280000,
  "content_bytes": 259515,
  "dataset_payload_bytes": 1539515,
  "vector_index_entries": 5000,
  "vector_index_dimension": 64,
  "vector_index_estimated_memory_bytes": 1296392,
  "approx_working_set_bytes": 2835907
}