{
  "corpus_size": 8000,
  "query_count": 350,
  "warmup_queries": 80,
  "embedding_dim": 64,
  "top_k": 10,
  "candidate_limit": 400,
  "alpha": 0.65,
  "fusion_strategy": "weighted",
  "vector_index_mode": "hnsw_baseline",
  "vector_storage_kind": "f32",
  "sqlite_mmap_size_bytes": 268435456,
  "sqlite_cache_size_kib": 65536,
  "ingest_duration_ms": 1078.1796669999999,
  "query_duration_ms": 2608.8976669999997,
  "total_duration_ms": 4290.992,
  "qps": 134.1562777364391,
  "top1_hit_rate": 1.0,
  "latency": {
    "avg_ms": 7.442868091428574,
    "p50_ms": 7.099167,
    "p95_ms": 9.055499999999999,
    "p99_ms": 15.213041,
    "min_ms": 6.386832999999999,
    "max_ms": 17.678625
  },
  "ingest_chunks_per_sec": 7419.913623728169,
  "embedding_bytes": 2048000,
  "content_bytes": 415890,
  "dataset_payload_bytes": 2463890,
  "vector_index_entries": 8000,
  "vector_index_dimension": 64,
  "vector_index_estimated_memory_bytes": 3551800,
  "approx_working_set_bytes": 6015690
}