{
  "corpus_size": 12000,
  "query_count": 600,
  "warmup_queries": 120,
  "embedding_dim": 128,
  "top_k": 10,
  "candidate_limit": 600,
  "alpha": 0.65,
  "fusion_strategy": "weighted",
  "vector_index_mode": "hnsw_baseline",
  "vector_storage_kind": "f32",
  "sqlite_mmap_size_bytes": 268435456,
  "sqlite_cache_size_kib": 65536,
  "ingest_duration_ms": 1057.261458,
  "query_duration_ms": 7568.3502499999995,
  "total_duration_ms": 10131.488583,
  "qps": 79.27751493794834,
  "top1_hit_rate": 1.0,
  "latency": {
    "avg_ms": 12.600671535000004,
    "p50_ms": 12.474625,
    "p95_ms": 13.730333000000002,
    "p99_ms": 15.614374999999999,
    "min_ms": 10.760208,
    "max_ms": 35.075916
  },
  "ingest_chunks_per_sec": 11350.077986102091,
  "embedding_bytes": 6144000,
  "content_bytes": 626390,
  "dataset_payload_bytes": 6770390,
  "vector_index_entries": 12000,
  "vector_index_dimension": 128,
  "vector_index_estimated_memory_bytes": 8425208,
  "approx_working_set_bytes": 15195598
}