{
  "corpus_size": 1500,
  "query_count": 120,
  "warmup_queries": 20,
  "concurrency": 1,
  "embedding_dim": 32,
  "top_k": 8,
  "candidate_limit": 200,
  "alpha": 0.65,
  "fusion_strategy": "weighted",
  "vector_index_mode": "lsh_ann",
  "vector_storage_kind": "f32",
  "sqlite_mmap_size_bytes": 268435456,
  "sqlite_cache_size_kib": 65536,
  "ingest_duration_ms": 114.385584,
  "query_duration_ms": 378.598333,
  "total_duration_ms": 560.6647919999999,
  "qps": 316.95860636554886,
  "top1_hit_rate": 1.0,
  "latency": {
    "avg_ms": 3.1489822999999992,
    "p50_ms": 2.851542,
    "p95_ms": 4.336416,
    "p99_ms": 4.675375,
    "min_ms": 2.4226669999999997,
    "max_ms": 4.694333
  },
  "ingest_chunks_per_sec": 13113.540601410052,
  "embedding_bytes": 192000,
  "content_bytes": 77067,
  "dataset_payload_bytes": 269067,
  "vector_index_entries": 1500,
  "vector_index_dimension": 32,
  "vector_index_estimated_memory_bytes": 430344,
  "approx_working_set_bytes": 699411
}