{
  "corpus_size": 3000,
  "query_count": 200,
  "warmup_queries": 50,
  "concurrency": 2,
  "embedding_dim": 64,
  "top_k": 10,
  "candidate_limit": 300,
  "alpha": 0.65,
  "fusion_strategy": "weighted",
  "vector_index_mode": "lsh_ann",
  "vector_storage_kind": "f32",
  "sqlite_mmap_size_bytes": 268435456,
  "sqlite_cache_size_kib": 65536,
  "ingest_duration_ms": 470.14262499999995,
  "query_duration_ms": 2440.5350000000003,
  "total_duration_ms": 3122.076333,
  "qps": 81.94924473527321,
  "top1_hit_rate": 1.0,
  "latency": {
    "avg_ms": 4.078348765,
    "p50_ms": 4.063083000000001,
    "p95_ms": 4.288374999999999,
    "p99_ms": 4.453416,
    "min_ms": 3.774333,
    "max_ms": 4.539542
  },
  "ingest_chunks_per_sec": 6381.042348585177,
  "embedding_bytes": 768000,
  "content_bytes": 155265,
  "dataset_payload_bytes": 923265,
  "vector_index_entries": 3000,
  "vector_index_dimension": 64,
  "vector_index_estimated_memory_bytes": 1245544,
  "approx_working_set_bytes": 2168809
}