{
  "corpus_size": 2600,
  "query_count": 180,
  "warmup_queries": 30,
  "concurrency": 2,
  "embedding_dim": 64,
  "top_k": 10,
  "candidate_limit": 260,
  "alpha": 0.65,
  "fusion_strategy": "weighted",
  "vector_index_mode": "lsh_ann",
  "vector_storage_kind": "f32",
  "sqlite_mmap_size_bytes": 268435456,
  "sqlite_cache_size_kib": 65536,
  "ingest_duration_ms": 540.0885410000001,
  "query_duration_ms": 2465.007791,
  "total_duration_ms": 3151.8358329999996,
  "qps": 73.02208157604967,
  "top1_hit_rate": 1.0,
  "latency": {
    "avg_ms": 4.768864116666666,
    "p50_ms": 4.47,
    "p95_ms": 6.3222499999999995,
    "p99_ms": 8.366375,
    "min_ms": 3.6960830000000002,
    "max_ms": 13.353083999999999
  },
  "ingest_chunks_per_sec": 4814.025484017814,
  "embedding_bytes": 665600,
  "content_bytes": 134415,
  "dataset_payload_bytes": 800015,
  "vector_index_entries": 2600,
  "vector_index_dimension": 64,
  "vector_index_estimated_memory_bytes": 1082904,
  "approx_working_set_bytes": 1882919
}