{
  "corpus_size": 3000,
  "query_count": 220,
  "warmup_queries": 40,
  "concurrency": 2,
  "embedding_dim": 64,
  "top_k": 10,
  "candidate_limit": 300,
  "alpha": 0.65,
  "fusion_strategy": "weighted",
  "vector_index_mode": "lsh_ann",
  "vector_storage_kind": "f32",
  "sqlite_mmap_size_bytes": 268435456,
  "sqlite_cache_size_kib": 65536,
  "ingest_duration_ms": 587.50075,
  "query_duration_ms": 3210.1907920000003,
  "total_duration_ms": 4022.713958,
  "qps": 68.53175223985254,
  "top1_hit_rate": 1.0,
  "latency": {
    "avg_ms": 5.1729952681818165,
    "p50_ms": 5.024375,
    "p95_ms": 6.557166,
    "p99_ms": 8.470042000000001,
    "min_ms": 4.176792000000001,
    "max_ms": 9.859417
  },
  "ingest_chunks_per_sec": 5106.376459944945,
  "embedding_bytes": 768000,
  "content_bytes": 155265,
  "dataset_payload_bytes": 923265,
  "vector_index_entries": 3000,
  "vector_index_dimension": 64,
  "vector_index_estimated_memory_bytes": 1245544,
  "approx_working_set_bytes": 2168809
}