{
  "corpus_size": 2200,
  "query_count": 160,
  "warmup_queries": 24,
  "concurrency": 1,
  "embedding_dim": 32,
  "top_k": 8,
  "candidate_limit": 220,
  "alpha": 0.65,
  "fusion_strategy": "weighted",
  "vector_index_mode": "lsh_ann",
  "vector_storage_kind": "f32",
  "sqlite_mmap_size_bytes": 268435456,
  "sqlite_cache_size_kib": 65536,
  "ingest_duration_ms": 173.327875,
  "query_duration_ms": 430.117125,
  "total_duration_ms": 672.914875,
  "qps": 371.9916987727471,
  "top1_hit_rate": 1.0,
  "latency": {
    "avg_ms": 2.6839359375,
    "p50_ms": 2.675209,
    "p95_ms": 2.8332919999999997,
    "p99_ms": 2.943708,
    "min_ms": 2.5390420000000002,
    "max_ms": 3.1033329999999997
  },
  "ingest_chunks_per_sec": 12692.707390545233,
  "embedding_bytes": 281600,
  "content_bytes": 113565,
  "dataset_payload_bytes": 395165,
  "vector_index_entries": 2200,
  "vector_index_dimension": 32,
  "vector_index_estimated_memory_bytes": 625224,
  "approx_working_set_bytes": 1020389
}