{
  "corpus_size": 2200,
  "query_count": 160,
  "warmup_queries": 24,
  "concurrency": 1,
  "embedding_dim": 32,
  "top_k": 8,
  "candidate_limit": 220,
  "alpha": 0.65,
  "fusion_strategy": "weighted",
  "vector_index_mode": "lsh_ann",
  "vector_storage_kind": "f32",
  "sqlite_mmap_size_bytes": 268435456,
  "sqlite_cache_size_kib": 65536,
  "ingest_duration_ms": 188.0335,
  "query_duration_ms": 449.28175,
  "total_duration_ms": 714.189834,
  "qps": 356.12396897937657,
  "top1_hit_rate": 1.0,
  "latency": {
    "avg_ms": 2.8027635062500003,
    "p50_ms": 2.6920830000000002,
    "p95_ms": 3.64025,
    "p99_ms": 4.3550830000000005,
    "min_ms": 2.532959,
    "max_ms": 4.4035
  },
  "ingest_chunks_per_sec": 11700.042811520289,
  "embedding_bytes": 281600,
  "content_bytes": 113565,
  "dataset_payload_bytes": 395165,
  "vector_index_entries": 2200,
  "vector_index_dimension": 32,
  "vector_index_estimated_memory_bytes": 625224,
  "approx_working_set_bytes": 1020389
}