{
  "corpus_size": 10000,
  "query_count": 400,
  "warmup_queries": 40,
  "concurrency": 1,
  "embedding_dim": 16,
  "top_k": 5,
  "candidate_limit": 1000,
  "alpha": 0.65,
  "fusion_strategy": "weighted",
  "vector_index_mode": "hnsw_baseline",
  "vector_storage_kind": "f32",
  "sqlite_mmap_size_bytes": 268435456,
  "sqlite_cache_size_kib": 65536,
  "ingest_duration_ms": 669.2575410000001,
  "query_duration_ms": 5787.597417,
  "total_duration_ms": 6975.667125,
  "qps": 69.1133075056454,
  "top1_hit_rate": 1.0,
  "latency": {
    "avg_ms": 14.4415160525,
    "p50_ms": 12.926708,
    "p95_ms": 19.832959000000002,
    "p99_ms": 30.353583,
    "min_ms": 12.290459,
    "max_ms": 181.96525
  },
  "ingest_chunks_per_sec": 14941.931001715826,
  "embedding_bytes": 640000,
  "content_bytes": 520140,
  "dataset_payload_bytes": 1160140,
  "vector_index_entries": 10000,
  "vector_index_dimension": 16,
  "vector_index_estimated_memory_bytes": 2474240,
  "approx_working_set_bytes": 3634380
}