{
  "corpus_size": 10000,
  "query_count": 400,
  "warmup_queries": 40,
  "concurrency": 1,
  "embedding_dim": 16,
  "top_k": 5,
  "candidate_limit": 1000,
  "alpha": 0.65,
  "fusion_strategy": "weighted",
  "vector_index_mode": "hnsw_baseline",
  "vector_storage_kind": "f32",
  "sqlite_mmap_size_bytes": 268435456,
  "sqlite_cache_size_kib": 65536,
  "ingest_duration_ms": 647.433291,
  "query_duration_ms": 5402.134334,
  "total_duration_ms": 6593.327417,
  "qps": 74.04480808307126,
  "top1_hit_rate": 1.0,
  "latency": {
    "avg_ms": 13.497993827500009,
    "p50_ms": 13.280417,
    "p95_ms": 14.698166,
    "p99_ms": 17.177125,
    "min_ms": 12.293750000000001,
    "max_ms": 22.24575
  },
  "ingest_chunks_per_sec": 15445.606735103771,
  "embedding_bytes": 640000,
  "content_bytes": 520140,
  "dataset_payload_bytes": 1160140,
  "vector_index_entries": 10000,
  "vector_index_dimension": 16,
  "vector_index_estimated_memory_bytes": 2474240,
  "approx_working_set_bytes": 3634380
}