{
  "corpus_size": 10000,
  "query_count": 400,
  "warmup_queries": 40,
  "concurrency": 1,
  "embedding_dim": 16,
  "top_k": 5,
  "candidate_limit": 1000,
  "alpha": 0.65,
  "fusion_strategy": "weighted",
  "vector_index_mode": "hnsw_baseline",
  "vector_storage_kind": "f32",
  "sqlite_mmap_size_bytes": 268435456,
  "sqlite_cache_size_kib": 65536,
  "ingest_duration_ms": 618.438666,
  "query_duration_ms": 5315.729582999999,
  "total_duration_ms": 6458.870375,
  "qps": 75.24837254310722,
  "top1_hit_rate": 1.0,
  "latency": {
    "avg_ms": 13.283553760000016,
    "p50_ms": 12.985583,
    "p95_ms": 15.206582999999998,
    "p99_ms": 16.137333,
    "min_ms": 12.019625000000001,
    "max_ms": 32.347791
  },
  "ingest_chunks_per_sec": 16169.752232147788,
  "embedding_bytes": 640000,
  "content_bytes": 520140,
  "dataset_payload_bytes": 1160140,
  "vector_index_entries": 10000,
  "vector_index_dimension": 16,
  "vector_index_estimated_memory_bytes": 2474240,
  "approx_working_set_bytes": 3634380
}